[
{
  "model": "admin.logentry",
  "pk": 1,
  "fields": {
    "action_time": "2022-05-17T16:17:16.340Z",
    "user": 1,
    "content_type": 8,
    "object_id": "8",
    "object_repr": "primalassault",
    "action_flag": 2,
    "change_message": "[{\"changed\": {\"fields\": [\"\\u041b\\u043e\\u0433\\u043e\\u0442\\u0438\\u043f\\u0447\\u0438\\u043a\"]}}]"
  }
},
{
  "model": "admin.logentry",
  "pk": 2,
  "fields": {
    "action_time": "2022-05-17T16:17:33.440Z",
    "user": 1,
    "content_type": 8,
    "object_id": "7",
    "object_repr": "troller",
    "action_flag": 2,
    "change_message": "[{\"changed\": {\"fields\": [\"\\u041b\\u043e\\u0433\\u043e\\u0442\\u0438\\u043f\\u0447\\u0438\\u043a\"]}}]"
  }
},
{
  "model": "admin.logentry",
  "pk": 3,
  "fields": {
    "action_time": "2022-05-17T16:17:39.437Z",
    "user": 1,
    "content_type": 8,
    "object_id": "6",
    "object_repr": "swiftattack",
    "action_flag": 2,
    "change_message": "[{\"changed\": {\"fields\": [\"\\u041b\\u043e\\u0433\\u043e\\u0442\\u0438\\u043f\\u0447\\u0438\\u043a\"]}}]"
  }
},
{
  "model": "admin.logentry",
  "pk": 4,
  "fields": {
    "action_time": "2022-05-17T16:17:45.909Z",
    "user": 1,
    "content_type": 8,
    "object_id": "5",
    "object_repr": "hirey",
    "action_flag": 2,
    "change_message": "[{\"changed\": {\"fields\": [\"\\u041b\\u043e\\u0433\\u043e\\u0442\\u0438\\u043f\\u0447\\u0438\\u043a\"]}}]"
  }
},
{
  "model": "admin.logentry",
  "pk": 5,
  "fields": {
    "action_time": "2022-05-17T16:17:51.452Z",
    "user": 1,
    "content_type": 8,
    "object_id": "4",
    "object_repr": "evilthreath",
    "action_flag": 2,
    "change_message": "[{\"changed\": {\"fields\": [\"\\u041b\\u043e\\u0433\\u043e\\u0442\\u0438\\u043f\\u0447\\u0438\\u043a\"]}}]"
  }
},
{
  "model": "admin.logentry",
  "pk": 6,
  "fields": {
    "action_time": "2022-05-17T16:17:56.967Z",
    "user": 1,
    "content_type": 8,
    "object_id": "3",
    "object_repr": "staffingsmarter",
    "action_flag": 2,
    "change_message": "[{\"changed\": {\"fields\": [\"\\u041b\\u043e\\u0433\\u043e\\u0442\\u0438\\u043f\\u0447\\u0438\\u043a\"]}}]"
  }
},
{
  "model": "admin.logentry",
  "pk": 7,
  "fields": {
    "action_time": "2022-05-17T16:18:07.388Z",
    "user": 1,
    "content_type": 8,
    "object_id": "2",
    "object_repr": "rebelrage",
    "action_flag": 2,
    "change_message": "[{\"changed\": {\"fields\": [\"\\u041b\\u043e\\u0433\\u043e\\u0442\\u0438\\u043f\\u0447\\u0438\\u043a\"]}}]"
  }
},
{
  "model": "admin.logentry",
  "pk": 8,
  "fields": {
    "action_time": "2022-05-17T16:18:13.105Z",
    "user": 1,
    "content_type": 8,
    "object_id": "1",
    "object_repr": "workiro",
    "action_flag": 2,
    "change_message": "[{\"changed\": {\"fields\": [\"\\u041b\\u043e\\u0433\\u043e\\u0442\\u0438\\u043f\\u0447\\u0438\\u043a\"]}}]"
  }
},
{
  "model": "admin.logentry",
  "pk": 9,
  "fields": {
    "action_time": "2022-05-17T16:28:46.772Z",
    "user": 1,
    "content_type": 7,
    "object_id": "8",
    "object_repr": "Тестирование",
    "action_flag": 2,
    "change_message": "[{\"changed\": {\"fields\": [\"\\u041a\\u0430\\u0440\\u0442\\u0438\\u043d\\u043a\\u0430\"]}}]"
  }
},
{
  "model": "admin.logentry",
  "pk": 10,
  "fields": {
    "action_time": "2022-05-17T16:28:59.136Z",
    "user": 1,
    "content_type": 7,
    "object_id": "7",
    "object_repr": "Менеджмент",
    "action_flag": 2,
    "change_message": "[{\"changed\": {\"fields\": [\"\\u041a\\u0430\\u0440\\u0442\\u0438\\u043d\\u043a\\u0430\"]}}]"
  }
},
{
  "model": "admin.logentry",
  "pk": 11,
  "fields": {
    "action_time": "2022-05-17T16:29:14.007Z",
    "user": 1,
    "content_type": 7,
    "object_id": "6",
    "object_repr": "Продукты",
    "action_flag": 2,
    "change_message": "[{\"changed\": {\"fields\": [\"\\u041a\\u0430\\u0440\\u0442\\u0438\\u043d\\u043a\\u0430\"]}}]"
  }
},
{
  "model": "admin.logentry",
  "pk": 12,
  "fields": {
    "action_time": "2022-05-17T16:29:19.919Z",
    "user": 1,
    "content_type": 7,
    "object_id": "5",
    "object_repr": "Дизайн",
    "action_flag": 2,
    "change_message": "[{\"changed\": {\"fields\": [\"\\u041a\\u0430\\u0440\\u0442\\u0438\\u043d\\u043a\\u0430\"]}}]"
  }
},
{
  "model": "admin.logentry",
  "pk": 13,
  "fields": {
    "action_time": "2022-05-17T16:29:26.528Z",
    "user": 1,
    "content_type": 7,
    "object_id": "4",
    "object_repr": "Девопс",
    "action_flag": 2,
    "change_message": "[{\"changed\": {\"fields\": [\"\\u041a\\u0430\\u0440\\u0442\\u0438\\u043d\\u043a\\u0430\"]}}]"
  }
},
{
  "model": "admin.logentry",
  "pk": 14,
  "fields": {
    "action_time": "2022-05-17T16:29:32.764Z",
    "user": 1,
    "content_type": 7,
    "object_id": "3",
    "object_repr": "Геймдев",
    "action_flag": 2,
    "change_message": "[{\"changed\": {\"fields\": [\"\\u041a\\u0430\\u0440\\u0442\\u0438\\u043d\\u043a\\u0430\"]}}]"
  }
},
{
  "model": "admin.logentry",
  "pk": 15,
  "fields": {
    "action_time": "2022-05-17T16:29:38.761Z",
    "user": 1,
    "content_type": 7,
    "object_id": "2",
    "object_repr": "Бэкенд",
    "action_flag": 2,
    "change_message": "[{\"changed\": {\"fields\": [\"\\u041a\\u0430\\u0440\\u0442\\u0438\\u043d\\u043a\\u0430\"]}}]"
  }
},
{
  "model": "admin.logentry",
  "pk": 16,
  "fields": {
    "action_time": "2022-05-17T16:29:55.058Z",
    "user": 1,
    "content_type": 7,
    "object_id": "1",
    "object_repr": "Фронтенд",
    "action_flag": 2,
    "change_message": "[{\"changed\": {\"fields\": [\"\\u041a\\u0430\\u0440\\u0442\\u0438\\u043d\\u043a\\u0430\"]}}]"
  }
},
{
  "model": "admin.logentry",
  "pk": 17,
  "fields": {
    "action_time": "2022-05-17T17:29:03.409Z",
    "user": 1,
    "content_type": 8,
    "object_id": "3",
    "object_repr": "staffingsmarter",
    "action_flag": 2,
    "change_message": "[{\"changed\": {\"fields\": [\"\\u0412\\u043b\\u0430\\u0434\\u0435\\u043b\\u0435\\u0446\"]}}]"
  }
},
{
  "model": "admin.logentry",
  "pk": 18,
  "fields": {
    "action_time": "2022-05-18T04:02:59.223Z",
    "user": 1,
    "content_type": 8,
    "object_id": "9",
    "object_repr": "Staffing Smarter",
    "action_flag": 3,
    "change_message": ""
  }
},
{
  "model": "admin.logentry",
  "pk": 19,
  "fields": {
    "action_time": "2022-05-18T18:17:27.495Z",
    "user": 1,
    "content_type": 8,
    "object_id": "10",
    "object_repr": "test company",
    "action_flag": 3,
    "change_message": ""
  }
},
{
  "model": "admin.logentry",
  "pk": 20,
  "fields": {
    "action_time": "2022-05-19T04:02:27.355Z",
    "user": 1,
    "content_type": 8,
    "object_id": "3",
    "object_repr": "staffingsmarter",
    "action_flag": 2,
    "change_message": "[{\"changed\": {\"fields\": [\"\\u0412\\u043b\\u0430\\u0434\\u0435\\u043b\\u0435\\u0446\"]}}]"
  }
},
{
  "model": "auth.user",
  "pk": 1,
  "fields": {
    "password": "pbkdf2_sha256$320000$upGMbleMLbCiyDPDnTs0Zx$N7yjwk72oIhldobYhKMIiGfLP09L9ca7a7+XiVFQmKo=",
    "last_login": "2022-05-24T18:02:59.034Z",
    "is_superuser": true,
    "username": "alex",
    "first_name": "",
    "last_name": "",
    "email": "",
    "is_staff": true,
    "is_active": true,
    "date_joined": "2022-05-17T16:04:05.579Z",
    "groups": [],
    "user_permissions": []
  }
},
{
  "model": "auth.user",
  "pk": 2,
  "fields": {
    "password": "pbkdf2_sha256$320000$Aaqp8rCjqMJ592nhZIkvrs$eSP0LDVPzfUNJgnstS7eQ4nfuprz8/v5N4pIQdOzf2c=",
    "last_login": "2022-05-24T18:01:11.725Z",
    "is_superuser": false,
    "username": "alex2",
    "first_name": "Alexey",
    "last_name": "Peresyp",
    "email": "",
    "is_staff": false,
    "is_active": true,
    "date_joined": "2022-05-19T18:00:29.020Z",
    "groups": [],
    "user_permissions": []
  }
},
{
  "model": "sessions.session",
  "pk": "bwuommsi3lq7kaqjffvcg6ucza5nxjrs",
  "fields": {
    "session_data": ".eJxVjEsOwjAMBe-SNYqcfuKYJXvOEDl2QgqolfpZIe4OlbqA7ZuZ9zKRt7XGbclzHNScjTOn3y2xPPK4A73zeJusTOM6D8nuij3oYq-T5uflcP8OKi_1WxMyOkQfWIp4V6TnzhMQ9KTsW2j7Iio-QepCowUASaUhdBCcR2jN-wPW1Dca:1ntYrz:a8yrbRdjhhjAer-ZKu2wkaMf7AL-BU6hPOBn6ELG5wY",
    "expire_date": "2022-06-07T18:02:59.089Z"
  }
},
{
  "model": "vacancies.company",
  "pk": 1,
  "fields": {
    "name": "workiro",
    "location": "Новосибирск",
    "logo": "company_images/logo1.png",
    "description": "Разрабатываем мобильные приложения и сервисы для сферы онлайн-обучения.",
    "employee_count": 10,
    "owner": null
  }
},
{
  "model": "vacancies.company",
  "pk": 2,
  "fields": {
    "name": "rebelrage",
    "location": "Москва",
    "logo": "company_images/logo2.png",
    "description": "Мобильные сервисы, программное обеспечение, веб-сайты, мобильные приложения.",
    "employee_count": 24,
    "owner": null
  }
},
{
  "model": "vacancies.company",
  "pk": 3,
  "fields": {
    "name": "staffingsmarter",
    "location": "Москва",
    "logo": "company_images/logo3.png",
    "description": "Сервис онлайн-наблюдения за процессом сдачи экзамена с искусственным интеллектом",
    "employee_count": 23,
    "owner": 1
  }
},
{
  "model": "vacancies.company",
  "pk": 4,
  "fields": {
    "name": "evilthreath",
    "location": "Москва",
    "logo": "company_images/logo4.png",
    "description": "Лидирующее в России и Восточной Европе ПО для проведения вебинаров и видео-конференций.",
    "employee_count": 36,
    "owner": null
  }
},
{
  "model": "vacancies.company",
  "pk": 5,
  "fields": {
    "name": "hirey",
    "location": "Воронеж",
    "logo": "company_images/logo5.png",
    "description": "Телекоммуникационные и платежные сервисы, которые помогают развиваться бизнесам во всем мире.",
    "employee_count": 21,
    "owner": null
  }
},
{
  "model": "vacancies.company",
  "pk": 6,
  "fields": {
    "name": "swiftattack",
    "location": "Москва",
    "logo": "company_images/logo6.png",
    "description": "Разработка сложных веб-сервисов и мобильных приложений",
    "employee_count": 79,
    "owner": null
  }
},
{
  "model": "vacancies.company",
  "pk": 7,
  "fields": {
    "name": "troller",
    "location": "Санкт-Петербург",
    "logo": "company_images/logo7.png",
    "description": "Мобильное приложение, позволяющее примерить обувь и выбрать идеальную пару всего в 3 клика",
    "employee_count": 230,
    "owner": null
  }
},
{
  "model": "vacancies.company",
  "pk": 8,
  "fields": {
    "name": "primalassault",
    "location": "Москва",
    "logo": "company_images/logo8.png",
    "description": "Реализуем проекты любой сложности в digital-сфере",
    "employee_count": 13,
    "owner": null
  }
},
{
  "model": "vacancies.specialty",
  "pk": 1,
  "fields": {
    "code": "frontend",
    "title": "Фронтенд",
    "picture": "speciality_images/specty_frontend.png"
  }
},
{
  "model": "vacancies.specialty",
  "pk": 2,
  "fields": {
    "code": "backend",
    "title": "Бэкенд",
    "picture": "speciality_images/specty_backend.png"
  }
},
{
  "model": "vacancies.specialty",
  "pk": 3,
  "fields": {
    "code": "gamedev",
    "title": "Геймдев",
    "picture": "speciality_images/specty_gamedev.png"
  }
},
{
  "model": "vacancies.specialty",
  "pk": 4,
  "fields": {
    "code": "devops",
    "title": "Девопс",
    "picture": "speciality_images/specty_devops.png"
  }
},
{
  "model": "vacancies.specialty",
  "pk": 5,
  "fields": {
    "code": "design",
    "title": "Дизайн",
    "picture": "speciality_images/specty_design.png"
  }
},
{
  "model": "vacancies.specialty",
  "pk": 6,
  "fields": {
    "code": "products",
    "title": "Продукты",
    "picture": "speciality_images/specty_products.png"
  }
},
{
  "model": "vacancies.specialty",
  "pk": 7,
  "fields": {
    "code": "management",
    "title": "Менеджмент",
    "picture": "speciality_images/specty_management.png"
  }
},
{
  "model": "vacancies.specialty",
  "pk": 8,
  "fields": {
    "code": "testing",
    "title": "Тестирование",
    "picture": "speciality_images/specty_testing.png"
  }
},
{
  "model": "vacancies.vacancy",
  "pk": 1,
  "fields": {
    "title": "Разработчик на Python",
    "specialty": 2,
    "company": 3,
    "skills": "Python, Nginx, Git, Django, Docker, Kubernetes, Высоконагруженные системы",
    "description": "<p>Офис в центре города с террасой и кальяном, чай, плюшки и виски всегда в наличии. Возможен свободный график работы.</p> <p><b>Минимальные требования это:</b></p> <ul> <li>Иметь опыт коммерческой разработки от 3-х лет</li> <li>Умение писать Unit-тесты на свой код</li> <li>Техническое образование, особенно приветствуем матмех и радиофак</li> <li>Знание Django, Django Rest Framework и Celery</li> <li>Знания в развертывании кластеров</li> <li>Готовность изучать технологии передачи видеоданных</li> </ul> <p><b>Бонусы:</b></p> <ul> <li>Официальное оформление по ТК</li> <li>Офис в центре города</li> <li>Гибкий график</li> <li>Обучение, конференции за счет компании</li> <li>ДМС</li> </ul> <p><b>Будет преимуществом:</b></p> <ul> <li>Опыт работы с Docker</li> <li>Навык написания сервисов на Asyncio</li> <li>Навык использования командной строки Linux/UNIX</li> <li>Умение работать с Git</li> </ul> <p>Зарплата достойная, обсуждается персонально с учетом пожеланий на собеседовании, исходя из уровня компетенций.</p>",
    "salary_min": 100000,
    "salary_max": 150000,
    "published_at": "2020-03-11"
  }
},
{
  "model": "vacancies.vacancy",
  "pk": 2,
  "fields": {
    "title": "Разработчик в проект на Django",
    "specialty": 2,
    "company": 6,
    "skills": "Python, Django, PostgreSQL",
    "description": "<p>Мы работаем на рынке веб-разработки уже более 10 лет. Основное направление - заказная разработка веб-сервисов и разработка собственных стартапов.</p> <p><b>Мы подойдем друг другу, если:</b></p> <ul> <li>вы хорошо разбираетесь в Python и Django, опыт работы от 3-х лет, принимали участие как минимум в нескольких проектах, работали в команде.</li> <li>вы хотите работать в компании единомышленников среди Django-разработчиков.</li> <li>вам интересно работать над стартапами, участвовать в жизни их становления</li> <li>вы не любите бюрократию, планерки, митапы, презентации, совещания и пр. вещи, которые отвлекают от работы</li> <li>вы жаворонок, потому что знаете, что утром голова работает лучше и задачи решаются быстрее</li> <li>вы уже знаете, что идеальных ТЗ не бывает</li> <li>вы понимаете, что прежде чем отдать задачу на проверку тестировщику надо самим все хорошо проверить. А если у проекта нет тестировщика (что периодически бывает), то проверить все дважды.</li> <li>вы понимаете, что нужно соблюдать баланс между качеством кода и длительностью разработки</li> <li>вы любите делиться знаниями, не боитесь обращаться за помощью к коллегам</li> <li>вы самостоятельный и ответственный, умеете здраво оценивать свои силы</li> </ul> <p><b>Как у нас все устроено:</b></p> <ul> <li>в качестве мессенджера Slack</li> <li>ведение задач в Gitlab</li> <li>таймтрекинг в Toggl</li> <li>проекты завернуты в Docker</li> <li>CI/CD настроен</li> <li>Тесты пишем редко (только ключевой функционал покрываем при необходимости)</li></ul> <p><b>Что предлагаем:</b></p> <ul> <li>Стабильную удаленную работу</li> <li>Проектную работу/Официальное трудоустройство</li> <li>Почасовую оплату/Оплату за месяц</li> <li>Обсуждаемое количество рабочих часов в месяц (100-200)</li> <li>Регулярные выплаты (2 раза в месяц)</li> <li>Лояльный рабочий график, начало рабочего дня не позже 10 по мск</li> <li>Интересные проекты, сложные задачи, работа с современными технологиями</li> </ul>",
    "salary_min": 80000,
    "salary_max": 90000,
    "published_at": "2020-03-11"
  }
},
{
  "model": "vacancies.vacancy",
  "pk": 3,
  "fields": {
    "title": "Middle SWIFT-разработчик",
    "specialty": 2,
    "company": 1,
    "skills": "Swift, CoreData, Git, ООП, Базы данных",
    "description": "<p>Развиваем приложение для изучения китайских слов и иероглифов. Хороши в контенте и дизайне, но не хватает правильного разработчика/разработчиков. Наша цель — сделать лидирующий мировой сервис для изучения китайского языка. В связи с чем ищем на полную или частичную удалённую занятость Senior/Middle iOS разработчика.</p> <p><b>Стек технологий:</b></p> <ul> <li>Swift</li> <li>Combine</li> <li>CoreData</li> <li>UI Constraints</li> <li>Git</li> </ul> <p><b>Что ожидаем от вас:</b></p> <ul> <li>студенты старших курсов и выпускники ВУЗов по Computer Science;</li> <li>понимание принципов ООП;</li> <li>владение английским языком (минимум Intermediate);</li> <li>готовность работать в команде;</li> <li>инициативность;</li> <li>ответственность и умение планировать своё время;</li> <li>умение понимать текущие задачи компании;</li> <li> понимание разницы между делать и сделать</li> </ul> <p>Предлагаем хорошую зарплату по рынку.</p>",
    "salary_min": 120000,
    "salary_max": 150000,
    "published_at": "2020-03-11"
  }
},
{
  "model": "vacancies.vacancy",
  "pk": 4,
  "fields": {
    "title": "Мидл программист на Python",
    "specialty": 2,
    "company": 7,
    "skills": "Python, Docker, MySQL",
    "description": " <p><b>Что ждем от кандидата:</b></p> <ul> <li>Опыт разработки на Python от 3 лет, участие в законченном коммерческом проекте, умение его грамотно описать;</li> <li>Django / Flask</li> <li>Опыт работы с 3D моделями и библиотеками для работы с ними (например Open3D) - будет преимуществом;</li> <li>Опыт работы с типовыми библиотеками NumPy, SciPy, OpenCV (trimesh, open3d, pyvista);</li> <li>SQL на базовом уровне;</li> <li>Понимание основных алгоритмов машинного обучения (линейная регрессия, random forest, catboost, нейронные сети и других);</li> <li>Математическое образование, опыт математического моделирования;</li> <li>Опыт работы с инструментами управления проектам.</li> </ul> <p><b>Чем будете заниматься:</b></p> <ul> <li>Оптимизация существующих методов виртуальной примерки обуви и разработка новых;</li> <li>Повышение скорости и точности работы виртуальной примерки обуви (от показателей SLA и выше);</li> <li>Использование библиотек и фреймворков numpy, pandas, scikit-learn, tensorflow, catboost, LightGBM, opencv;</li> <li>Разработка нейросетевых методов настройки виртуальной примерки обуви.</li> </ul> <p><b>Условия:</b></p> <ul> <li>Официальное оформление согласно ТК РФ;</li> <li>Работа с новейшим оборудованием;</li> <li>Возможность загранкомандировок на различные IT-семинары;</li> <li>График работы 5/2 с 9-00 до 18-00 (работа в офисе, не удаленно);</li> <li>Дружный коллектив и современный офис;</li> <li>Возможность дальнейшего карьерного роста.</li> </ul> <p>Окончательный уровень зарплаты обсуждается по итогам собеседования.</p>",
    "salary_min": 80000,
    "salary_max": 90000,
    "published_at": "2020-03-11"
  }
},
{
  "model": "vacancies.vacancy",
  "pk": 5,
  "fields": {
    "title": "Грамотный питон разработчик",
    "specialty": 2,
    "company": 8,
    "skills": "Python, Django, PostgreSQL, Git",
    "description": "<p>Наши основные направления: e-commerce, геосервисы, мессенджеры, распознавание образов, автоматизация, телефония и стартапы. Заказчики - крупные финансовые, IT, продуктовые компании России. Ищем опытного фулл-тайм python-разработчика для работы над проектами нашей компании.</p> <p><b>Что ждем от кандидата:</b></p> <ul> <li>Опыт коммерческой разработки на Python/Django от 2-х лет;</li> <li>Знания SQL (Postgres);</li> <li>Опыт написания клиент-серверных приложений;</li> <li>Умение оценивать объем и сроки работ;</li> <li>Git, системы bug tracking.</li> </ul> <p><b>Чем будете заниматься:</b></p> <ul> <li>Участвовать во всём процессе разработки - от проектирования до запуска.</li> <li>Оптимизировать работу приложения.</li> </ul> <p><b>Плюшки:</b></p> <ul> <li>Оклад от 140 000 руб на руки.;</li> <li>Удаленное сотрудничество с выстроенными процессами;</li> <li>Оформление по ТК РФ.</li> <li>Амбициозные проекты, интересные с профессиональной точки зрения задачи;</li> <li>Команда профессионалов.</li> </ul> <p>В отклике обязательно сопроводительное письмо, почему именно вы подходите на эту вакансию.</p>",
    "salary_min": 120000,
    "salary_max": 150000,
    "published_at": "2020-03-11"
  }
},
{
  "model": "vacancies.vacancy",
  "pk": 6,
  "fields": {
    "title": "Frontend Game Developer",
    "specialty": 1,
    "company": 3,
    "skills": "Haxe, Kha, JS",
    "description": "Наша молодая активная команда занимается разработкой онлайн-игр, применяя современные подходы к работе и технологии.\r\n\r\nНаш самый успешный проект был запущен в 2016м году на Flash. Это красочная 2D игра с позитивной атмосферой и глубоким геймплеем. В 2019м мы полностью переписали её на HAXE.\r\n\r\nУ нас тонкий клиент со сложным клиент-серверным взаимодействием. Игровая логика реализована на сервере. Часть кода клиента генерируется на основе гейм-дизайнерского набора правил, вынесенного в админку.\r\n\r\nНаши технологии:\r\n\r\nHaxe, Kha, JS\r\nРазработка ведётся на HAXE с использованием Kha\r\nКомпилируем HAXE-код в JavaScript\r\nЧасть функционала реализуем на JS\r\nИнфраструктура разработки\r\nYoutrack для постановки задач\r\nGit\r\nCI с использованием TeamCity\r\nОкна верстаем на нашем собственном фреймворке Jetgui (это делает UI/UX дизайнер)\r\nБлижайшие задачи:\r\n\r\nПостепенный переход с Kha на собственный фреймворк.\r\nРазработка новых игровых фичей в команде с гейм-дизайнером. Хотим переписать соревнования, добавить мини-игр и социальных взаимодействий.\r\nОптимизация производительности.\r\nРевью и рефакторинг устаревших решений.\r\nГлубокая интеграция с нашим веб-порталом.",
    "salary_min": 200000,
    "salary_max": 23000,
    "published_at": "2022-05-22"
  }
},
{
  "model": "vacancies.application",
  "pk": 1,
  "fields": {
    "written_username": "fsd",
    "written_phone": "fdsf",
    "written_cover_letter": "fdsfsd",
    "vacancy": 1,
    "user": 1
  }
},
{
  "model": "vacancies.application",
  "pk": 2,
  "fields": {
    "written_username": "fdsf",
    "written_phone": "fsdfsd",
    "written_cover_letter": "fdsfs",
    "vacancy": 1,
    "user": 1
  }
},
{
  "model": "vacancies.application",
  "pk": 3,
  "fields": {
    "written_username": "fdsfds",
    "written_phone": "fdsf",
    "written_cover_letter": "dsffsdf",
    "vacancy": 1,
    "user": 1
  }
},
{
  "model": "vacancies.application",
  "pk": 4,
  "fields": {
    "written_username": "ggdfg",
    "written_phone": "gdfgdf",
    "written_cover_letter": "gdfgd",
    "vacancy": 1,
    "user": 1
  }
},
{
  "model": "vacancies.application",
  "pk": 5,
  "fields": {
    "written_username": "ggdfg",
    "written_phone": "gdfgdf",
    "written_cover_letter": "gdfgd",
    "vacancy": 1,
    "user": 1
  }
},
{
  "model": "vacancies.application",
  "pk": 6,
  "fields": {
    "written_username": "ggdfg",
    "written_phone": "gdfgdf",
    "written_cover_letter": "gdfgd",
    "vacancy": 1,
    "user": 1
  }
},
{
  "model": "vacancies.application",
  "pk": 7,
  "fields": {
    "written_username": "hggfh",
    "written_phone": "hgfhgf",
    "written_cover_letter": "hfghfg",
    "vacancy": 1,
    "user": 1
  }
},
{
  "model": "vacancies.application",
  "pk": 8,
  "fields": {
    "written_username": "hggfh",
    "written_phone": "hgfhgf",
    "written_cover_letter": "hfghfg",
    "vacancy": 1,
    "user": 1
  }
},
{
  "model": "vacancies.application",
  "pk": 9,
  "fields": {
    "written_username": "fgdg",
    "written_phone": "dgdf",
    "written_cover_letter": "gdfgdf",
    "vacancy": 1,
    "user": 1
  }
},
{
  "model": "vacancies.application",
  "pk": 10,
  "fields": {
    "written_username": "fgdg",
    "written_phone": "dgdf",
    "written_cover_letter": "gdfgdf",
    "vacancy": 1,
    "user": 1
  }
},
{
  "model": "vacancies.application",
  "pk": 11,
  "fields": {
    "written_username": "fdsf",
    "written_phone": "sdffsd",
    "written_cover_letter": "fsd",
    "vacancy": 1,
    "user": 1
  }
},
{
  "model": "vacancies.application",
  "pk": 12,
  "fields": {
    "written_username": "fd",
    "written_phone": "fgdg",
    "written_cover_letter": "gdfg",
    "vacancy": 1,
    "user": 1
  }
},
{
  "model": "vacancies.application",
  "pk": 13,
  "fields": {
    "written_username": "gdfg",
    "written_phone": "dfgdg",
    "written_cover_letter": "fgdf",
    "vacancy": 1,
    "user": 1
  }
},
{
  "model": "vacancies.application",
  "pk": 14,
  "fields": {
    "written_username": "gfdg",
    "written_phone": "gdfg",
    "written_cover_letter": "dfgd",
    "vacancy": 1,
    "user": 1
  }
},
{
  "model": "vacancies.application",
  "pk": 15,
  "fields": {
    "written_username": "fdsfsd",
    "written_phone": "fsdfsd",
    "written_cover_letter": "sdfsd",
    "vacancy": 1,
    "user": 1
  }
},
{
  "model": "vacancies.application",
  "pk": 16,
  "fields": {
    "written_username": "123",
    "written_phone": "fsdfsd",
    "written_cover_letter": "sdfsd",
    "vacancy": 1,
    "user": 1
  }
},
{
  "model": "vacancies.application",
  "pk": 17,
  "fields": {
    "written_username": "ds",
    "written_phone": "dfsf",
    "written_cover_letter": "sdfs",
    "vacancy": 1,
    "user": 1
  }
},
{
  "model": "vacancies.application",
  "pk": 18,
  "fields": {
    "written_username": "Алексей",
    "written_phone": "424234",
    "written_cover_letter": "Привет",
    "vacancy": 1,
    "user": 1
  }
},
{
  "model": "vacancies.resume",
  "pk": 1,
  "fields": {
    "user": 1,
    "name": "Алексей",
    "surname": "Пересыпкин",
    "status": "LF",
    "salary": 99000,
    "specialty": 2,
    "grade": "JN",
    "education": "РУК",
    "experience": "Major Express1",
    "portfolio": "https://github.com/AlexeyPeresypkin"
  }
}
]
